video_id,has_fall,fall_start_frame,fall_end_frame
experiment_video_knock-down-back_side_0924150857_018_sd1-split,1,74,103
experiment_video_knock-down-back_side_0924150857_018_sd2-split,1,65,98
experiment_video_knock-down-back_side_0924150857_018_sd3-split,1,60,126
experiment_video_knock-down-back_side_0924150857_018_sd4-split,1,66,136
experiment_video_knock-down-back_side_0924150857_018_sd5-split,1,65,104
experiment_video_knock-down-back_side_0924160538_019_sd1-split,1,55,118
experiment_video_knock-down-back_side_0924160538_019_sd2-split,1,55,108
experiment_video_knock-down-back_side_0924160538_019_sd3-split,1,53,105
experiment_video_knock-down-back_side_0924160538_019_sd4-split,1,54,114
experiment_video_knock-down-back_side_0924170527_020_sd1-split,1,49,96
experiment_video_knock-down-back_side_0924170527_020_sd2-split,1,48,106
experiment_video_knock-down-back_side_0924170527_020_sd3-split,1,58,116
experiment_video_knock-down-back_side_0924170527_020_sd4-split,1,50,118
experiment_video_knock-down-back_side_0924170527_020_sd5-split,1,48,113
experiment_video_knock-down-back_side_0928160619_022_sd1-split,1,65,113
experiment_video_knock-down-back_side_0928160619_022_sd2-split,1,66,116
experiment_video_knock-down-back_side_0928160619_022_sd3-split,1,70,109
experiment_video_knock-down-back_side_0928160619_022_sd4-split,1,79,145
experiment_video_knock-down-back_side_0928165045_023_sd1-split,1,54,78
experiment_video_knock-down-back_side_0928165045_023_sd2-split,1,60,106
experiment_video_knock-down-back_side_0928165045_023_sd3-split,1,60,107
experiment_video_knock-down-back_side_0928165045_023_sd4-split,1,60,98
experiment_video_knock-down-back_side_1008193731_026_sd1-split,1,82,138
experiment_video_knock-down-back_side_1008193731_026_sd2-split,1,85,133
experiment_video_knock-down-back_side_1008193731_026_sd3-split,1,78,120
experiment_video_knock-down-back_side_1008193731_026_sd4-split,1,65,122
experiment_video_knock-down-back_side_1008193731_026_sd5-split,1,76,121
experiment_video_knock-down-back_side_1013150509_028_sd1-split,1,67,114
experiment_video_knock-down-back_side_1013150509_028_sd2-split,1,67,116
experiment_video_knock-down-back_side_1013150509_028_sd3-split,1,67,112
experiment_video_knock-down-back_side_1013150509_028_sd4-split,1,70,124
experiment_video_knock-down-back_side_1013150509_028_sd5-split,1,62,107
experiment_video_knock-down-back_side_1013155002_030_sd1-split,1,73,129
experiment_video_knock-down-back_side_1013155002_030_sd2-split,1,58,102
experiment_video_knock-down-back_side_1013155002_030_sd3-split,1,73,116
experiment_video_knock-down-back_side_1013155002_030_sd4-split,1,66,120
experiment_video_knock-down-back_side_1013155002_030_sd5-split,1,68,107
experiment_video_knock-down-back_side_1013171952_029_sd2-split,1,55,103
experiment_video_knock-down-back_side_1013171952_029_sd3-split,1,55,109
experiment_video_knock-down-back_side_1013171952_029_sd4-split,1,54,112
experiment_video_knock-down-back_side_1015170018_033_sd1-split,1,60,106
experiment_video_knock-down-back_side_1015170018_033_sd2-split,1,54,108
experiment_video_knock-down-back_side_1015170018_033_sd3-split,1,72,119
experiment_video_knock-down-back_side_1015170018_033_sd4-split,1,73,119
experiment_video_knock-down-back_side_1015170018_033_sd5-split,1,67,108
experiment_video_knock-down-back_side_1021154719_035_sd1-split,1,62,103
experiment_video_knock-down-back_side_1021154719_035_sd2-split,1,62,97
experiment_video_knock-down-back_side_1021154719_035_sd3-split,1,65,101
experiment_video_knock-down-back_side_1021154719_035_sd4-split,1,65,107
experiment_video_knock-down-back_side_1021154719_035_sd5-split,1,65,106
experiment_video_knock-down-back_side_1021171057_036_sd1-split,1,52,100
experiment_video_knock-down-back_side_1021171057_036_sd2-split,1,52,110
experiment_video_knock-down-back_side_1021171057_036_sd3-split,1,52,107
experiment_video_knock-down-back_side_1021171057_036_sd4-split,1,52,107
experiment_video_knock-down-back_side_1021171057_036_sd5-split,1,52,107
experiment_video_knock-down-front_side_0924150611_018_sd1-split,1,60,101
experiment_video_knock-down-front_side_0924150611_018_sd2-split,1,68,114
experiment_video_knock-down-front_side_0924150611_018_sd3-split,1,71,128
experiment_video_knock-down-front_side_0924150611_018_sd4-split,1,72,132
experiment_video_knock-down-front_side_0924150611_018_sd5-split,1,70,121
experiment_video_knock-down-front_side_0924160024_019_sd1-split,1,52,110
experiment_video_knock-down-front_side_0924160024_019_sd2-split,1,103,159
experiment_video_knock-down-front_side_0924160024_019_sd3-split,1,54,119
experiment_video_knock-down-front_side_0924160024_019_sd4-split,1,48,104
experiment_video_knock-down-front_side_0924170231_020_sd1-split,1,46,98
experiment_video_knock-down-front_side_0924170231_020_sd2-split,1,45,109
experiment_video_knock-down-front_side_0924170231_020_sd3-split,1,46,112
experiment_video_knock-down-front_side_0924170231_020_sd4-split,1,47,103
experiment_video_knock-down-front_side_0924170231_020_sd5-split,1,43,94
experiment_video_knock-down-front_side_0928153326_022_sd1-split,1,60,108
experiment_video_knock-down-front_side_0928153326_022_sd2-split,1,62,111
experiment_video_knock-down-front_side_0928153326_022_sd3-split,1,60,107
experiment_video_knock-down-front_side_0928153326_022_sd4-split,1,64,121
experiment_video_knock-down-front_side_0928164731_023_sd1-split,1,60,116
experiment_video_knock-down-front_side_0928164731_023_sd2-split,1,60,104
experiment_video_knock-down-front_side_0928164731_023_sd3-split,1,60,102
experiment_video_knock-down-front_side_0928164731_023_sd4-split,1,60,106
experiment_video_knock-down-front_side_1008193239_026_sd1-split,1,78,107
experiment_video_knock-down-front_side_1008193239_026_sd2-split,1,78,114
experiment_video_knock-down-front_side_1008193239_026_sd3-split,1,78,114
experiment_video_knock-down-front_side_1008193239_026_sd4-split,1,78,120
experiment_video_knock-down-front_side_1008193239_026_sd5-split,1,78,128
experiment_video_knock-down-front_side_1013150209_028_sd1-split,1,50,91
experiment_video_knock-down-front_side_1013150209_028_sd2-split,1,56,96
experiment_video_knock-down-front_side_1013150209_028_sd3-split,1,56,97
experiment_video_knock-down-front_side_1013150209_028_sd4-split,1,56,95
experiment_video_knock-down-front_side_1013150209_028_sd5-split,1,56,101
experiment_video_knock-down-front_side_1013154626_030_sd1-split,1,73,134
experiment_video_knock-down-front_side_1013154626_030_sd2-split,1,74,126
experiment_video_knock-down-front_side_1013154626_030_sd3-split,1,64,118
experiment_video_knock-down-front_side_1013154626_030_sd4-split,1,60,113
experiment_video_knock-down-front_side_1013154626_030_sd5-split,1,72,128
experiment_video_knock-down-front_side_1013172242_029_sd1-split,1,56,108
experiment_video_knock-down-front_side_1013172242_029_sd2-split,1,56,106
experiment_video_knock-down-front_side_1013172242_029_sd3-split,1,54,121
experiment_video_knock-down-front_side_1013172242_029_sd4-split,1,53,108
experiment_video_knock-down-front_side_1013172242_029_sd5-split,1,53,119
experiment_video_knock-down-front_side_1015165706_033_sd1-split,1,62,102
experiment_video_knock-down-front_side_1015165706_033_sd2-split,1,55,94
experiment_video_knock-down-front_side_1015165706_033_sd3-split,1,65,103
experiment_video_knock-down-front_side_1015165706_033_sd4-split,1,67,106
experiment_video_knock-down-front_side_1015165706_033_sd5-split,1,47,86
experiment_video_knock-down-front_side_1021154306_035_sd1-split,1,65,95
experiment_video_knock-down-front_side_1021154306_035_sd2-split,1,65,101
experiment_video_knock-down-front_side_1021154306_035_sd3-split,1,65,97
experiment_video_knock-down-front_side_1021154306_035_sd4-split,1,65,95
experiment_video_knock-down-front_side_1021154306_035_sd5-split,1,65,98
experiment_video_knock-down-front_side_1021165014_036_sd1-split,1,52,104
experiment_video_knock-down-front_side_1021165014_036_sd2-split,1,52,96
experiment_video_knock-down-front_side_1021165014_036_sd3-split,1,52,98
experiment_video_knock-down-front_side_1021165014_036_sd4-split,1,52,112
experiment_video_knock-down-front_side_1021165014_036_sd5-split,1,52,96
experiment_video_knock-down-lateral_side_0924153214_018_sd1-split,1,62,103
experiment_video_knock-down-lateral_side_0924153214_018_sd2-split,1,58,95
experiment_video_knock-down-lateral_side_0924153214_018_sd3-split,1,65,143
experiment_video_knock-down-lateral_side_0924153214_018_sd4-split,1,56,122
experiment_video_knock-down-lateral_side_0924153214_018_sd5-split,1,62,122
experiment_video_knock-down-lateral_side_0924160944_019_sd1-split,1,54,104
experiment_video_knock-down-lateral_side_0924160944_019_sd2-split,1,48,108
experiment_video_knock-down-lateral_side_0924160944_019_sd3-split,1,53,114
experiment_video_knock-down-lateral_side_0924160944_019_sd4-split,1,52,119
experiment_video_knock-down-lateral_side_0924170804_020_sd1-split,1,46,89
experiment_video_knock-down-lateral_side_0924170804_020_sd2-split,1,47,102
experiment_video_knock-down-lateral_side_0924170804_020_sd3-split,1,48,114
experiment_video_knock-down-lateral_side_0924170804_020_sd4-split,1,47,104
experiment_video_knock-down-lateral_side_0924170804_020_sd5-split,1,49,112
experiment_video_knock-down-lateral_side_0928154052_022_sd1-split,1,71,127
experiment_video_knock-down-lateral_side_0928154052_022_sd2-split,1,74,133
experiment_video_knock-down-lateral_side_0928154052_022_sd3-split,1,72,128
experiment_video_knock-down-lateral_side_0928154052_022_sd4-split,1,84,138
experiment_video_knock-down-lateral_side_0928165412_023_sd1-split,1,60,115
experiment_video_knock-down-lateral_side_0928165412_023_sd2-split,1,60,113
experiment_video_knock-down-lateral_side_0928165412_023_sd3-split,1,64,122
experiment_video_knock-down-lateral_side_0928165412_023_sd4-split,1,64,126
experiment_video_knock-down-lateral_side_1008194118_026_sd1-split,1,78,110
experiment_video_knock-down-lateral_side_1008194118_026_sd2-split,1,78,113
experiment_video_knock-down-lateral_side_1008194118_026_sd3-split,1,78,114
experiment_video_knock-down-lateral_side_1008194118_026_sd4-split,1,78,119
experiment_video_knock-down-lateral_side_1008194118_026_sd5-split,1,78,110
experiment_video_knock-down-lateral_side_1013150751_028_sd1-split,1,56,106
experiment_video_knock-down-lateral_side_1013150751_028_sd2-split,1,56,108
experiment_video_knock-down-lateral_side_1013150751_028_sd3-split,1,56,101
experiment_video_knock-down-lateral_side_1013150751_028_sd4-split,1,56,97
experiment_video_knock-down-lateral_side_1013150751_028_sd5-split,1,56,98
experiment_video_knock-down-lateral_side_1013155310_030_sd1-split,1,67,109
experiment_video_knock-down-lateral_side_1013155310_030_sd2-split,1,79,124
experiment_video_knock-down-lateral_side_1013155310_030_sd3-split,1,67,121
experiment_video_knock-down-lateral_side_1013155310_030_sd4-split,1,66,116
experiment_video_knock-down-lateral_side_1013155310_030_sd5-split,1,65,114
experiment_video_knock-down-lateral_side_1013172618_029_sd1-split,1,59,109
experiment_video_knock-down-lateral_side_1013172618_029_sd2-split,1,55,107
experiment_video_knock-down-lateral_side_1013172618_029_sd3-split,1,56,109
experiment_video_knock-down-lateral_side_1013172618_029_sd4-split,1,54,108
experiment_video_knock-down-lateral_side_1013172618_029_sd5-split,1,54,111
experiment_video_knock-down-lateral_side_1015170349_033_sd1-split,1,76,126
experiment_video_knock-down-lateral_side_1015170349_033_sd2-split,1,76,122
experiment_video_knock-down-lateral_side_1015170349_033_sd3-split,1,76,122
experiment_video_knock-down-lateral_side_1015170349_033_sd4-split,1,76,122
experiment_video_knock-down-lateral_side_1015170349_033_sd5-split,1,76,118
experiment_video_knock-down-lateral_side_1021155121_035_sd1-split,1,65,90
experiment_video_knock-down-lateral_side_1021155121_035_sd2-split,1,60,86
experiment_video_knock-down-lateral_side_1021155121_035_sd3-split,1,60,95
experiment_video_knock-down-lateral_side_1021155121_035_sd4-split,1,60,94
experiment_video_knock-down-lateral_side_1021155121_035_sd5-split,1,60,92
experiment_video_runing-slip_side_0924144404_018_sd1-split,1,78,136
experiment_video_runing-slip_side_0924144404_018_sd2-split,1,67,100
experiment_video_runing-slip_side_0924144404_018_sd3-split,1,59,100
experiment_video_runing-slip_side_0924144404_018_sd4-split,1,55,94
experiment_video_runing-slip_side_0924144404_018_sd5-split,1,53,83
experiment_video_runing-slip_side_0924162007_019_sd1-split,1,56,104
experiment_video_runing-slip_side_0924162007_019_sd2-split,1,52,90
experiment_video_runing-slip_side_0924162007_019_sd3-split,1,58,101
experiment_video_runing-slip_side_0924162007_019_sd4-split,1,58,109
experiment_video_runing-slip_side_0924164047_020_sd1-split,1,50,95
experiment_video_runing-slip_side_0924164047_020_sd2-split,1,48,90
experiment_video_runing-slip_side_0924164047_020_sd3-split,1,47,90
experiment_video_runing-slip_side_0924164047_020_sd4-split,1,54,104
experiment_video_runing-slip_side_0924164047_020_sd5-split,1,48,90
experiment_video_runing-slip_side_0928142136_024_sd1-split,1,52,91
experiment_video_runing-slip_side_0928142136_024_sd2-split,1,53,89
experiment_video_runing-slip_side_0928142136_024_sd3-split,1,59,118
experiment_video_runing-slip_side_0928142136_024_sd4-split,1,59,112
experiment_video_runing-slip_side_0928142136_024_sd5-split,1,51,86
experiment_video_runing-slip_side_0928154905_022_sd1-split,1,72,121
experiment_video_runing-slip_side_0928154905_022_sd2-split,1,73,117
experiment_video_runing-slip_side_0928154905_022_sd3-split,1,71,116
experiment_video_runing-slip_side_0928154905_022_sd4-split,1,67,110
experiment_video_runing-slip_side_0928162303_023_sd1-split,1,64,101
experiment_video_runing-slip_side_0928162303_023_sd2-split,1,64,101
experiment_video_runing-slip_side_1008195105_026_sd1-split,1,82,114
experiment_video_runing-slip_side_1008195105_026_sd2-split,1,82,119
experiment_video_runing-slip_side_1008195105_026_sd3-split,1,82,118
experiment_video_runing-slip_side_1008195105_026_sd4-split,1,92,130
experiment_video_runing-slip_side_1008195105_026_sd5-split,1,92,130
experiment_video_runing-slip_side_1013142557_028_sd1-split,1,109,151
experiment_video_runing-slip_side_1013142557_028_sd2-split,1,88,133
experiment_video_runing-slip_side_1013142557_028_sd3-split,1,88,121
experiment_video_runing-slip_side_1013142557_028_sd4-split,1,103,138
experiment_video_runing-slip_side_1013142557_028_sd5-split,1,91,122
experiment_video_runing-slip_side_1013161638_030_sd1-split,1,66,126
experiment_video_runing-slip_side_1013161638_030_sd2-split,1,72,112
experiment_video_runing-slip_side_1013161638_030_sd3-split,1,67,110
experiment_video_runing-slip_side_1013161638_030_sd4-split,1,67,109
experiment_video_runing-slip_side_1013161638_030_sd5-split,1,68,121
experiment_video_runing-slip_side_1013164246_029_sd1-split,1,55,115
experiment_video_runing-slip_side_1013164246_029_sd2-split,1,56,106
experiment_video_runing-slip_side_1013164246_029_sd3-split,1,58,104
experiment_video_runing-slip_side_1013164246_029_sd4-split,1,60,96
experiment_video_runing-slip_side_1013164246_029_sd5-split,1,54,86
experiment_video_runing-slip_side_1015162435_033_sd1-split,1,71,104
experiment_video_runing-slip_side_1015162435_033_sd2-split,1,71,104
experiment_video_runing-slip_side_1015162435_033_sd3-split,1,71,104
experiment_video_runing-slip_side_1015162435_033_sd4-split,1,70,106
experiment_video_runing-slip_side_1015162435_033_sd5-split,1,73,104
experiment_video_runing-slip_side_1021151851_035_sd1-split,1,60,86
experiment_video_runing-slip_side_1021151851_035_sd2-split,1,60,86
experiment_video_runing-slip_side_1021151851_035_sd3-split,1,60,86
experiment_video_runing-slip_side_1021151851_035_sd4-split,1,60,88
experiment_video_runing-slip_side_1021151851_035_sd5-split,1,60,86
experiment_video_runing-slip_side_1021162539_036_sd1-split,1,54,95
experiment_video_runing-slip_side_1021162539_036_sd2-split,1,53,95
experiment_video_runing-slip_side_1021162539_036_sd3-split,1,54,90
experiment_video_runing-slip_side_1021162539_036_sd4-split,1,54,88
experiment_video_runing-slip_side_1021162539_036_sd5-split,1,54,88
experiment_video_runing-trip_side_0924144841_018_sd1-split,1,59,86
experiment_video_runing-trip_side_0924144841_018_sd2-split,1,53,79
experiment_video_runing-trip_side_0924144841_018_sd3-split,1,44,76
experiment_video_runing-trip_side_0924144841_018_sd4-split,1,55,83
experiment_video_runing-trip_side_0924144841_018_sd5-split,1,54,79
experiment_video_runing-trip_side_0924162606_019_sd1-split,1,59,98
experiment_video_runing-trip_side_0924162606_019_sd2-split,1,59,94
experiment_video_runing-trip_side_0924162606_019_sd3-split,1,59,104
experiment_video_runing-trip_side_0924162606_019_sd4-split,1,54,106
experiment_video_runing-trip_side_0924164511_020_sd1-split,1,50,85
experiment_video_runing-trip_side_0924164511_020_sd2-split,1,53,89
experiment_video_runing-trip_side_0924164511_020_sd3-split,1,52,109
experiment_video_runing-trip_side_0924164511_020_sd4-split,1,48,84
experiment_video_runing-trip_side_0924164511_020_sd5-split,1,47,80
experiment_video_runing-trip_side_0928142647_024_sd1-split,1,55,101
experiment_video_runing-trip_side_0928142647_024_sd2-split,1,53,102
experiment_video_runing-trip_side_0928142647_024_sd3-split,1,55,98
experiment_video_runing-trip_side_0928142647_024_sd4-split,1,55,115
experiment_video_runing-trip_side_0928142647_024_sd5-split,1,55,96
experiment_video_runing-trip_side_0928155205_022_sd1-split,1,72,113
experiment_video_runing-trip_side_0928155205_022_sd2-split,1,65,101
experiment_video_runing-trip_side_0928155205_022_sd3-split,1,60,102
experiment_video_runing-trip_side_0928155205_022_sd4-split,1,71,110
experiment_video_runing-trip_side_0928162640_023_sd1-split,1,61,118
experiment_video_runing-trip_side_0928162640_023_sd2-split,1,61,121
experiment_video_runing-trip_side_0928162640_023_sd3-split,1,61,117
experiment_video_runing-trip_side_0928162640_023_sd4-split,1,61,114
experiment_video_runing-trip_side_1008195523_026_sd1-split,1,92,120
experiment_video_runing-trip_side_1008195523_026_sd2-split,1,91,130
experiment_video_runing-trip_side_1008195523_026_sd3-split,1,91,126
experiment_video_runing-trip_side_1008195523_026_sd4-split,1,91,130
experiment_video_runing-trip_side_1008195523_026_sd5-split,1,91,127
experiment_video_runing-trip_side_1013143048_028_sd1-split,1,72,101
experiment_video_runing-trip_side_1013143048_028_sd2-split,1,65,108
experiment_video_runing-trip_side_1013143048_028_sd3-split,1,77,126
experiment_video_runing-trip_side_1013143048_028_sd4-split,1,85,130
experiment_video_runing-trip_side_1013143048_028_sd5-split,1,80,132
experiment_video_runing-trip_side_1013162021_030_sd1-split,1,67,112
experiment_video_runing-trip_side_1013162021_030_sd2-split,1,68,110
experiment_video_runing-trip_side_1013162021_030_sd3-split,1,70,108
experiment_video_runing-trip_side_1013162021_030_sd4-split,1,70,115
experiment_video_runing-trip_side_1013162021_030_sd5-split,1,67,121
experiment_video_runing-trip_side_1013165131_029_sd1-split,1,60,76
experiment_video_runing-trip_side_1013165131_029_sd2-split,1,56,97
experiment_video_runing-trip_side_1013165131_029_sd3-split,1,56,107
experiment_video_runing-trip_side_1013165131_029_sd4-split,1,59,97
experiment_video_runing-trip_side_1013165131_029_sd5-split,1,60,95
experiment_video_runing-trip_side_1015163030_033_sd1-split,1,80,116
experiment_video_runing-trip_side_1015163030_033_sd2-split,1,80,116
experiment_video_runing-trip_side_1015163030_033_sd3-split,1,80,119
experiment_video_runing-trip_side_1015163030_033_sd4-split,1,80,114
experiment_video_runing-trip_side_1015163030_033_sd5-split,1,80,119
experiment_video_runing-trip_side_1021152211_035_sd1-split,1,60,95
experiment_video_runing-trip_side_1021163142_036_sd1-split,1,54,95
experiment_video_runing-trip_side_1021163142_036_sd2-split,1,54,89
experiment_video_runing-trip_side_1021163142_036_sd3-split,1,54,85
experiment_video_runing-trip_side_1021163142_036_sd4-split,1,54,90
experiment_video_runing-trip_side_1021163142_036_sd5-split,1,54,95
experiment_video_sitting_side_0924152247_018_sd1-split,1,47,72
experiment_video_sitting_side_0924152247_018_sd2-split,1,52,86
experiment_video_sitting_side_0924152247_018_sd3-split,1,52,80
experiment_video_sitting_side_0924152247_018_sd4-split,1,56,95
experiment_video_sitting_side_0924152247_018_sd5-split,1,56,96
experiment_video_sitting_side_0924161440_019_sd1-split,1,47,109
experiment_video_sitting_side_0924161440_019_sd2-split,1,52,115
experiment_video_sitting_side_0924161440_019_sd3-split,1,50,119
experiment_video_sitting_side_0924161440_019_sd4-split,1,55,115
experiment_video_sitting_side_0924171102_020_sd1-split,1,46,76
experiment_video_sitting_side_0924171102_020_sd2-split,1,46,95
experiment_video_sitting_side_0924171102_020_sd3-split,1,47,108
experiment_video_sitting_side_0924171102_020_sd4-split,1,39,81
experiment_video_sitting_side_0924171102_020_sd5-split,1,48,104
experiment_video_sitting_side_0928154435_022_sd1-split,1,62,120
experiment_video_sitting_side_0928154435_022_sd2-split,1,60,107
experiment_video_sitting_side_0928154435_022_sd3-split,1,69,113
experiment_video_sitting_side_0928165748_023_sd1-split,1,61,98
experiment_video_sitting_side_0928165748_023_sd2-split,1,61,100
experiment_video_sitting_side_0928165748_023_sd3-split,1,61,108
experiment_video_sitting_side_0928165748_023_sd4-split,1,61,110
experiment_video_sitting_side_1008194517_026_sd1-split,1,74,109
experiment_video_sitting_side_1008194517_026_sd2-split,1,79,110
experiment_video_sitting_side_1008194517_026_sd3-split,1,78,116
experiment_video_sitting_side_1008194517_026_sd4-split,1,78,109
experiment_video_sitting_side_1008194517_026_sd5-split,1,80,118
experiment_video_sitting_side_1013151140_028_sd1-split,1,70,109
experiment_video_sitting_side_1013151140_028_sd2-split,1,61,95
experiment_video_sitting_side_1013151140_028_sd3-split,1,61,107
experiment_video_sitting_side_1013151140_028_sd4-split,1,59,95
experiment_video_sitting_side_1013151140_028_sd5-split,1,59,98
experiment_video_sitting_side_1013161153_030_sd1-split,1,54,102
experiment_video_sitting_side_1013161153_030_sd2-split,1,64,122
experiment_video_sitting_side_1013161153_030_sd3-split,1,61,118
experiment_video_sitting_side_1013161153_030_sd4-split,1,59,115
experiment_video_sitting_side_1013161153_030_sd5-split,1,60,122
experiment_video_sitting_side_1013172928_029_sd1-split,1,54,132
experiment_video_sitting_side_1013172928_029_sd2-split,1,59,108
experiment_video_sitting_side_1013172928_029_sd3-split,1,69,127
experiment_video_sitting_side_1013172928_029_sd4-split,1,56,112
experiment_video_sitting_side_1013172928_029_sd5-split,1,56,119
experiment_video_sitting_side_1015171331_033_sd1-split,1,72,114
experiment_video_sitting_side_1015171331_033_sd2-split,1,72,114
experiment_video_sitting_side_1015171331_033_sd3-split,1,72,114
experiment_video_sitting_side_1015171331_033_sd4-split,1,72,114
experiment_video_sitting_side_1015171331_033_sd5-split,1,72,116
experiment_video_sitting_side_1021160430_035_sd1-split,1,60,100
experiment_video_sitting_side_1021160430_035_sd2-split,1,60,84
experiment_video_sitting_side_1021160430_035_sd3-split,1,60,78
experiment_video_sitting_side_1021160430_035_sd4-split,1,60,80
experiment_video_sitting_side_1021160430_035_sd5-split,1,60,84
experiment_video_sitting_side_1021171522_036_sd1-split,1,47,100
experiment_video_sitting_side_1021171522_036_sd2-split,1,47,94
experiment_video_sitting_side_1021171522_036_sd3-split,1,47,107
experiment_video_sitting_side_1021171522_036_sd4-split,1,47,104
experiment_video_sitting_side_1021171522_036_sd5-split,1,48,106
experiment_video_slip-1_side_0924145505_018_sd1-split,1,53,89
experiment_video_slip-1_side_0924145505_018_sd2-split,1,50,88
experiment_video_slip-1_side_0924145505_018_sd3-split,1,55,92
experiment_video_slip-1_side_0924145505_018_sd4-split,1,55,92
experiment_video_slip-1_side_0924145505_018_sd5-split,1,55,92
experiment_video_slip-1_side_0924154626_019_sd1-split,1,58,109
experiment_video_slip-1_side_0924154626_019_sd2-split,1,54,108
experiment_video_slip-1_side_0924154626_019_sd3-split,1,55,103
experiment_video_slip-1_side_0924154626_019_sd4-split,1,55,109
experiment_video_slip-1_side_0924165145_020_sd1-split,1,46,89
experiment_video_slip-1_side_0924165145_020_sd2-split,1,44,82
experiment_video_slip-1_side_0924165145_020_sd3-split,1,47,96
experiment_video_slip-1_side_0924165145_020_sd4-split,1,47,95
experiment_video_slip-1_side_0924165145_020_sd5-split,1,46,100
experiment_video_slip-1_side_0928143731_024_sd2-split,1,55,89
experiment_video_slip-1_side_0928143731_024_sd3-split,1,55,94
experiment_video_slip-1_side_0928143731_024_sd4-split,1,55,103
experiment_video_slip-1_side_0928143731_024_sd5-split,1,58,103
experiment_video_slip-1_side_0928152042_022_sd1-split,1,72,140
experiment_video_slip-1_side_0928152042_022_sd2-split,1,67,119
experiment_video_slip-1_side_0928152042_022_sd3-split,1,73,130
experiment_video_slip-1_side_0928152042_022_sd4-split,1,79,122
experiment_video_slip-1_side_0928163406_023_sd1-split,1,62,92
experiment_video_slip-1_side_0928163406_023_sd2-split,1,62,104
experiment_video_slip-1_side_0928163406_023_sd3-split,1,62,107
experiment_video_slip-1_side_0928163406_023_sd4-split,1,62,116
experiment_video_slip-1_side_1008191617_026_sd1-split,1,86,136
experiment_video_slip-1_side_1008191617_026_sd2-split,1,98,146
experiment_video_slip-1_side_1008191617_026_sd3-split,1,92,138
experiment_video_slip-1_side_1008191617_026_sd4-split,1,85,144
experiment_video_slip-1_side_1008191617_026_sd5-split,1,94,150
experiment_video_slip-1_side_1013144939_028_sd1-split,1,74,120
experiment_video_slip-1_side_1013144939_028_sd2-split,1,62,99
experiment_video_slip-1_side_1013144939_028_sd3-split,1,62,108
experiment_video_slip-1_side_1013144939_028_sd4-split,1,62,107
experiment_video_slip-1_side_1013144939_028_sd5-split,1,62,108
experiment_video_slip-1_side_1013153155_030_sd1-split,1,78,140
experiment_video_slip-1_side_1013153155_030_sd2-split,1,65,108
experiment_video_slip-1_side_1013153155_030_sd3-split,1,73,112
experiment_video_slip-1_side_1013153155_030_sd4-split,1,67,108
experiment_video_slip-1_side_1013153155_030_sd5-split,1,70,112
experiment_video_slip-1_side_1013171013_029_sd1-split,1,56,106
experiment_video_slip-1_side_1013171013_029_sd2-split,1,58,102
experiment_video_slip-1_side_1013171013_029_sd3-split,1,55,108
experiment_video_slip-1_side_1013171013_029_sd4-split,1,52,109
experiment_video_slip-1_side_1013171013_029_sd5-split,1,54,104
experiment_video_slip-1_side_1015164437_033_sd1-split,1,73,116
experiment_video_slip-1_side_1015164437_033_sd2-split,1,72,114
experiment_video_slip-1_side_1015164437_033_sd3-split,1,72,114
experiment_video_slip-1_side_1015164437_033_sd4-split,1,72,114
experiment_video_slip-1_side_1015164437_033_sd5-split,1,157,199
experiment_video_slip-1_side_1021153119_035_sd1-split,1,60,104
experiment_video_slip-1_side_1021153119_035_sd2-split,1,60,100
experiment_video_slip-1_side_1021153119_035_sd3-split,1,60,100
experiment_video_slip-1_side_1021153119_035_sd4-split,1,60,100
experiment_video_slip-1_side_1021153119_035_sd5-split,1,60,101
experiment_video_slip-1_side_1021163950_036_sd1-split,1,50,97
experiment_video_slip-1_side_1021163950_036_sd2-split,1,50,98
experiment_video_slip-1_side_1021163950_036_sd3-split,1,51,100
experiment_video_slip-1_side_1021163950_036_sd4-split,1,52,101
experiment_video_slip-1_side_1021163950_036_sd5-split,1,52,98
experiment_video_slip-2_side_0924145829_018_sd1-split,1,49,91
experiment_video_slip-2_side_0924145829_018_sd2-split,1,53,83
experiment_video_slip-2_side_0924145829_018_sd3-split,1,55,96
experiment_video_slip-2_side_0924145829_018_sd4-split,1,64,109
experiment_video_slip-2_side_0924145829_018_sd5-split,1,67,101
experiment_video_slip-2_side_0924155106_019_sd1-split,1,60,113
experiment_video_slip-2_side_0924155106_019_sd2-split,1,58,109
experiment_video_slip-2_side_0924155106_019_sd3-split,1,53,116
experiment_video_slip-2_side_0924155106_019_sd4-split,1,61,124
experiment_video_slip-2_side_0924165437_020_sd1-split,1,46,101
experiment_video_slip-2_side_0924165437_020_sd2-split,1,47,96
experiment_video_slip-2_side_0924165437_020_sd4-split,1,42,100
experiment_video_slip-2_side_0924165437_020_sd5-split,1,88,153
experiment_video_slip-2_side_0928144143_024_sd1-split,1,58,101
experiment_video_slip-2_side_0928144143_024_sd2-split,1,59,106
experiment_video_slip-2_side_0928144143_024_sd3-split,1,59,110
experiment_video_slip-2_side_0928144143_024_sd4-split,1,59,107
experiment_video_slip-2_side_0928144143_024_sd5-split,1,59,93
experiment_video_slip-2_side_0928152448_022_sd1-split,1,64,119
experiment_video_slip-2_side_0928152448_022_sd2-split,1,62,109
experiment_video_slip-2_side_0928152448_022_sd3-split,1,60,106
experiment_video_slip-2_side_0928152448_022_sd4-split,1,68,130
experiment_video_slip-2_side_0928163800_023_sd1-split,1,62,110
experiment_video_slip-2_side_0928163800_023_sd2-split,1,62,100
experiment_video_slip-2_side_0928163800_023_sd3-split,1,62,106
experiment_video_slip-2_side_0928163800_023_sd4-split,1,62,101
experiment_video_slip-2_side_1008192317_026_sd1-split,1,95,139
experiment_video_slip-2_side_1008192317_026_sd2-split,1,95,139
experiment_video_slip-2_side_1008192317_026_sd3-split,1,95,140
experiment_video_slip-2_side_1008192317_026_sd4-split,1,95,139
experiment_video_slip-2_side_1008192317_026_sd5-split,1,95,146
experiment_video_slip-2_side_1013145334_028_sd1-split,1,62,97
experiment_video_slip-2_side_1013145334_028_sd3-split,1,55,103
experiment_video_slip-2_side_1013145334_028_sd4-split,1,48,90
experiment_video_slip-2_side_1013145334_028_sd5-split,1,53,103
experiment_video_slip-2_side_1013153710_030_sd1-split,1,71,109
experiment_video_slip-2_side_1013153710_030_sd2-split,1,67,124
experiment_video_slip-2_side_1013153710_030_sd3-split,1,60,106
experiment_video_slip-2_side_1013153710_030_sd4-split,1,64,113
experiment_video_slip-2_side_1013153710_030_sd5-split,1,55,113
experiment_video_slip-2_side_1013171331_029_sd1-split,1,53,109
experiment_video_slip-2_side_1013171331_029_sd2-split,1,55,98
experiment_video_slip-2_side_1013171331_029_sd3-split,1,50,104
experiment_video_slip-2_side_1013171331_029_sd4-split,1,52,104
experiment_video_slip-2_side_1013171331_029_sd5-split,1,55,121
experiment_video_slip-2_side_1015164855_033_sd1-split,1,71,119
experiment_video_slip-2_side_1015164855_033_sd2-split,1,71,116
experiment_video_slip-2_side_1015164855_033_sd3-split,1,71,116
experiment_video_slip-2_side_1015164855_033_sd4-split,1,73,119
experiment_video_slip-2_side_1015164855_033_sd5-split,1,71,116
experiment_video_slip-2_side_1021153454_035_sd1-split,1,60,107
experiment_video_slip-2_side_1021153454_035_sd2-split,1,60,99
experiment_video_slip-2_side_1021153454_035_sd3-split,1,60,106
experiment_video_slip-2_side_1021153454_035_sd4-split,1,60,102
experiment_video_slip-2_side_1021153454_035_sd5-split,1,60,100
experiment_video_slip-2_side_1021164253_036_sd1-split,1,52,102
experiment_video_slip-2_side_1021164253_036_sd2-split,1,53,109
experiment_video_slip-2_side_1021164253_036_sd3-split,1,53,109
experiment_video_slip-2_side_1021164253_036_sd4-split,1,53,114
experiment_video_slip-2_side_1021164253_036_sd5-split,1,53,106
experiment_video_trip_side_0924150225_018_sd1-split,1,49,80
experiment_video_trip_side_0924150225_018_sd2-split,1,49,84
experiment_video_trip_side_0924150225_018_sd3-split,1,49,97
experiment_video_trip_side_0924150225_018_sd4-split,1,50,98
experiment_video_trip_side_0924150225_018_sd5-split,1,56,92
experiment_video_trip_side_0924155554_019_sd1-split,1,55,100
experiment_video_trip_side_0924155554_019_sd2-split,1,54,101
experiment_video_trip_side_0924155554_019_sd3-split,1,55,102
experiment_video_trip_side_0924155554_019_sd4-split,1,58,109
experiment_video_trip_side_0924165844_020_sd1-split,1,46,84
experiment_video_trip_side_0924165844_020_sd2-split,1,48,92
experiment_video_trip_side_0924165844_020_sd3-split,1,47,77
experiment_video_trip_side_0924165844_020_sd4-split,1,48,83
experiment_video_trip_side_0924165844_020_sd5-split,1,47,84
experiment_video_trip_side_0928144606_024_sd1-split,1,50,103
experiment_video_trip_side_0928144606_024_sd2-split,1,50,103
experiment_video_trip_side_0928144606_024_sd3-split,1,50,102
experiment_video_trip_side_0928144606_024_sd4-split,1,50,104
experiment_video_trip_side_0928144606_024_sd5-split,1,50,90
experiment_video_trip_side_0928152921_022_sd1-split,1,68,114
experiment_video_trip_side_0928152921_022_sd2-split,1,73,121
experiment_video_trip_side_0928152921_022_sd3-split,1,68,116
experiment_video_trip_side_0928152921_022_sd4-split,1,64,110
experiment_video_trip_side_0928164235_023_sd1-split,1,62,104
experiment_video_trip_side_0928164235_023_sd2-split,1,62,98
experiment_video_trip_side_0928164235_023_sd3-split,1,62,105
experiment_video_trip_side_0928164235_023_sd4-split,1,62,101
experiment_video_trip_side_1008192812_026_sd1-split,1,78,112
experiment_video_trip_side_1008192812_026_sd2-split,1,79,104
experiment_video_trip_side_1008192812_026_sd3-split,1,79,108
experiment_video_trip_side_1008192812_026_sd4-split,1,79,106
experiment_video_trip_side_1008192812_026_sd5-split,1,79,104
experiment_video_trip_side_1013145714_028_sd1-split,1,72,113
experiment_video_trip_side_1013145714_028_sd2-split,1,60,102
experiment_video_trip_side_1013145714_028_sd3-split,1,60,103
experiment_video_trip_side_1013145714_028_sd4-split,1,60,102
experiment_video_trip_side_1013145714_028_sd5-split,1,60,109
experiment_video_trip_side_1013154057_030_sd1-split,1,59,106
experiment_video_trip_side_1013154057_030_sd2-split,1,68,124
experiment_video_trip_side_1013154057_030_sd3-split,1,70,119
experiment_video_trip_side_1013154057_030_sd4-split,1,64,112
experiment_video_trip_side_1013154057_030_sd5-split,1,64,104
experiment_video_trip_side_1013171642_029_sd1-split,1,55,108
experiment_video_trip_side_1013171642_029_sd2-split,1,58,103
experiment_video_trip_side_1013171642_029_sd4-split,1,54,100
experiment_video_trip_side_1013171642_029_sd5-split,1,59,106
experiment_video_trip_side_1015165249_033_sd1-split,1,79,118
experiment_video_trip_side_1015165249_033_sd2-split,1,79,118
experiment_video_trip_side_1015165249_033_sd3-split,1,79,118
experiment_video_trip_side_1015165249_033_sd4-split,1,79,118
experiment_video_trip_side_1015165249_033_sd5-split,1,78,116
experiment_video_trip_side_1021153923_035_sd1-split,1,63,128
experiment_video_trip_side_1021153923_035_sd2-split,1,60,118
experiment_video_trip_side_1021153923_035_sd3-split,1,60,101
experiment_video_trip_side_1021153923_035_sd4-split,1,60,102
experiment_video_trip_side_1021153923_035_sd5-split,1,60,97
experiment_video_trip_side_1021164641_036_sd1-split,1,53,91
experiment_video_trip_side_1021164641_036_sd2-split,1,54,101
experiment_video_trip_side_1021164641_036_sd3-split,1,55,97
experiment_video_trip_side_1021164641_036_sd4-split,1,54,98
experiment_video_trip_side_1021164641_036_sd5-split,1,54,100
experiment_video_wall_side_1013144018_028_sd1-split,1,85,144
experiment_video_wall_side_1013144018_028_sd2-split,1,70,122
experiment_video_wall_side_1013144018_028_sd3-split,1,66,108
experiment_video_wall_side_1013162551_030_sd1-split,1,70,134
experiment_video_wall_side_1013162551_030_sd2-split,1,72,120
experiment_video_wall_side_1013162551_030_sd3-split,1,71,138
experiment_video_wall_side_1013162551_030_sd4-split,1,67,128
experiment_video_wall_side_1013162551_030_sd5-split,1,64,122
experiment_video_wall_side_1013165634_029_sd1-split,1,56,114
experiment_video_wall_side_1013165634_029_sd2-split,1,60,97
experiment_video_wall_side_1013165634_029_sd3-split,1,59,98
experiment_video_wall_side_1013165634_029_sd4-split,1,59,115
experiment_video_wall_side_1013165634_029_sd5-split,1,55,106
experiment_video_wall_side_1015163541_033_sd1-split,1,92,137
experiment_video_wall_side_1015163541_033_sd2-split,1,86,128
experiment_video_wall_side_1015163541_033_sd3-split,1,86,128
experiment_video_wall_side_1015163541_033_sd4-split,1,86,128
experiment_video_wall_side_1015163541_033_sd5-split,1,82,127
experiment_video_wall_side_1021152629_035_sd1-split,1,60,124
experiment_video_wall_side_1021152629_035_sd2-split,1,60,125
experiment_video_wall_side_1021152629_035_sd3-split,1,60,112
experiment_video_wall_side_1021152629_035_sd4-split,1,60,114
experiment_video_wall_side_1021152629_035_sd5-split,1,60,118
experiment_video_wall_side_1021163510_036_sd1-split,1,54,97
experiment_video_wall_side_1021163510_036_sd2-split,1,54,101
experiment_video_wall_side_1021163510_036_sd3-split,1,54,92
experiment_video_wall_side_1021163510_036_sd4-split,1,54,90
experiment_video_wall_side_1021163510_036_sd5-split,1,54,91
experiment_video_badminton_side_1107141114_028-1,0,,
experiment_video_badminton_side_1107152236_022-1,0,,
experiment_video_badminton_side_1107165050_027-1,0,,
experiment_video_boxing-bag-once_side_1111_028-1,0,,
experiment_video_boxing-bag_side_1107143219_028-1,0,,
experiment_video_boxing-continous_side_1107142409_028-1,0,,
experiment_video_boxing-continous_side_1107170908_027-1,0,,
experiment_video_boxing_side_1107142223_028-1,0,,
experiment_video_brushing-teeth_side_1107145908_028-1,0,,
experiment_video_brushing-teeth_side_1107161728_022-1,0,,
experiment_video_chopping_side_1107174816_027-1,0,,
experiment_video_daily_side_1107150214_028-1,0,,
experiment_video_daily_side_1107162112_022-1,0,,
experiment_video_daily_side_1107174958_027-1,0,,
experiment_video_down-stairs_side_1107144230_028-1,0,,
experiment_video_down-stairs_side_1107172721_027-1,0,,
experiment_video_fastsitting_side_1107155132_022-1,0,,
experiment_video_fastsitting_side_1107171549_027-1,0,,
experiment_video_flipping_side_1107173407_027-1,0,,
experiment_video_golf_side_1107141320_028-1,0,,
experiment_video_golf_side_1107152410_022-1,0,,
experiment_video_jump-high_side_1211151356_000-1,0,,
experiment_video_jump-high_side_1211151452_000-1,0,,
experiment_video_jump-high_side_1211151558_000-1,0,,
experiment_video_jump-high_side_1211151911_000-1,0,,
experiment_video_jump-high_side_1211153323_000-1,0,,
experiment_video_jump-high_side_1211153429_000-1,0,,
experiment_video_jump-high_side_1211153429_000-2,0,,
experiment_video_jumping_side_1107142017_028-1,0,,
experiment_video_jumping_side_1107153349_022-1,0,,
experiment_video_jumping_side_1107170612_027-1,0,,
experiment_video_lying-bed_side_1107143415_028-1,0,,
experiment_video_lying-bed_side_1107154948_022-1,0,,
experiment_video_lying-bed_side_1107171419_027-1,0,,
experiment_video_patting-thigh_side_1107145216_028-1,0,,
experiment_video_Resting_side_1107151238_028-1,0,,
experiment_video_Resting_side_1107163455_022-1,0,,
experiment_video_rolling_side_1107150405_028-1,0,,
experiment_video_rolling_side_1107162319_022-1,0,,
experiment_video_rolling_side_1107175150_027-1,0,,
experiment_video_skipping_side_1107141503_028-1,0,,
experiment_video_skipping_side_1107165401_027-1,0,,
experiment_video_slapping-table_side_1107143739_028-1,0,,
experiment_video_sofa_side_1107150544_028-1,0,,
experiment_video_standing-jump_side_1107141835_028-1,0,,
experiment_video_standing-jump_side_1107153028_022-1,0,,
experiment_video_standing-jump_side_1107165711_027-1,0,,
experiment_video_swinging-large_side_1107141653_028-1,0,,
experiment_video_swinging-large_side_1107152820_022-1,0,,
experiment_video_swinging-large_side_1107165545_027-1,0,,
experiment_video_touching-obstacles_side_1107144422_028-1,0,,
experiment_video_touching-obstacles_side_1107160130_022-1,0,,
experiment_video_waving_side_1107143909_028-1,0,,
